model_name,dropout_rate,learning_rate,batch_size,weight_decay,weighted_ce,n_train_samples,best_epoch,val_acc,val_macro_f1,total_time_s,avg_epoch_time_s
TabularStandard_0,0.2,0.0001,16,0.0,False,5,37,0.1175384615384615,0.0686552857673091,3.278587102890014,0.0655717420578003
TabularStandard_1,0.5,0.0001,32,0.0001,False,5,48,0.1015384615384615,0.0646516478790106,2.3922176361083984,0.0478443527221679
TabularSkip_1,0.5,0.0001,32,0.0001,False,5,3,0.035076923076923,0.033674187031853,3.4363152980804443,0.0687263059616088
TabularShallow_1,0.5,0.0001,32,0.0001,False,5,5,0.0996923076923076,0.0486585368708637,1.8519015312194824,0.0370380306243896
TabularShallow_4,0.5,0.001,16,0.0,False,10200,103,0.5513846153846154,0.5285067935725698,224.31638479232788,1.495442565282186
TabularShallow_3,0.2,0.001,32,0.0001,False,10200,108,0.5753846153846154,0.5672130523943418,132.62764811515808,0.8841843207677206
