model_name,dropout_rate,learning_rate,batch_size,weight_decay,weighted_ce,best_epoch,val_acc,val_macro_f1,total_time_s,avg_epoch_time_s
TabularMLP,0.2,0.0001,16,0.0,False,44,0.564923076923077,0.561249792086639,337.66207122802734,3.3766207122802734
TabularMLP,0.2,0.0001,16,0.0,True,44,0.5624615384615385,0.5545113046576966,342.7869522571564,3.427869522571564
TabularSkipMLP,0.2,0.0001,16,0.0,True,17,0.5593846153846154,0.5576885590117097,672.4469120502472,6.724469120502472
TabularSkipMLP,0.2,0.0001,16,0.0,False,25,0.5593846153846154,0.5464647980840481,660.113831281662,6.6011383128166194
TabularMLP,0.5,0.0001,16,0.0001,False,64,0.5470769230769231,0.5219804165073709,275.18866539001465,3.931266648428781
TabularShallowMLP,0.2,0.0001,16,0.0,True,90,0.5501538461538461,0.5303495410049011,314.9990155696869,3.149990155696869
TabularShallowMLP,0.2,0.0001,16,0.0,False,74,0.5452307692307692,0.5239558787832964,252.07210087776184,2.5207210087776186
